﻿<?xml version="1.0" encoding="utf-8"?>
<CallableObject guid="438df631-119b-4e14-9615-65b0c87f5590" name="K2BToolsNumericRangeProviderSample" description="K2 BTools Numeric Range Provider Sample" namespace="GeneXus.Programs">
  <Signature name="parm">
    <Parameter name="ReturnValue" accessor="out">
      <Field name="K2BNumericRangeSet" description="K2 BNumeric Range Set" collection="true">
        <Fields>
          <Field name="Code" description="Code">
            <Properties>
              <Property>
                <Name>Type</Name>
                <Value>Character</Value>
              </Property>
              <Property>
                <Name>Length</Name>
                <Value>20</Value>
              </Property>
            </Properties>
          </Field>
          <Field name="Description" description="Description">
            <Properties>
              <Property>
                <Name>Type</Name>
                <Value>Character</Value>
              </Property>
              <Property>
                <Name>Length</Name>
                <Value>50</Value>
              </Property>
            </Properties>
          </Field>
          <Field name="FromValue" description="From Value">
            <Properties>
              <Property>
                <Name>Type</Name>
                <Value>Character</Value>
              </Property>
              <Property>
                <Name>Length</Name>
                <Value>100</Value>
              </Property>
              <Property>
                <Name>Decimals</Name>
                <Value>2</Value>
              </Property>
            </Properties>
          </Field>
          <Field name="ToValue" description="To Value">
            <Properties>
              <Property>
                <Name>Type</Name>
                <Value>Character</Value>
              </Property>
              <Property>
                <Name>Length</Name>
                <Value>100</Value>
              </Property>
              <Property>
                <Name>Decimals</Name>
                <Value>2</Value>
              </Property>
            </Properties>
          </Field>
        </Fields>
      </Field>
    </Parameter>
  </Signature>
</CallableObject>