﻿<?xml version="1.0" encoding="utf-8"?>
<CallableObject guid="074c17be-9f6c-4621-8249-5f58ea6eb3dc" name="K2BTools.IntegrationProcedures.GetAllNotificationsForCurrentUserDP" description="Get All Notifications For Current User DP" namespace="GeneXus.Programs">
  <Signature name="par">
    <Parameter name="Count">
      <Field>
        <Properties>
          <Property>
            <Name>Type</Name>
            <Value>Numeric</Value>
          </Property>
          <Property>
            <Name>Length</Name>
            <Value>10</Value>
          </Property>
        </Properties>
      </Field>
    </Parameter>
    <Parameter name="Skip">
      <Field>
        <Properties>
          <Property>
            <Name>Type</Name>
            <Value>Numeric</Value>
          </Property>
          <Property>
            <Name>Length</Name>
            <Value>10</Value>
          </Property>
        </Properties>
      </Field>
    </Parameter>
    <Parameter name="ReturnValue" accessor="out">
      <Field name="WebNotificationSDT" description="Web Notification SDT" collection="true">
        <Fields>
          <Field name="NotificationId" description="Notification Id">
            <Properties>
              <Property>
                <Name>Type</Name>
                <Value>Numeric</Value>
              </Property>
              <Property>
                <Name>Length</Name>
                <Value>15</Value>
              </Property>
            </Properties>
          </Field>
          <Field name="NotificationIcon" description="Notification Icon">
            <Properties>
              <Property>
                <Name>Type</Name>
                <Value>Image</Value>
              </Property>
            </Properties>
          </Field>
          <Field name="NotificationActionCaption" description="Notification Action Caption">
            <Properties>
              <Property>
                <Name>Type</Name>
                <Value>Character</Value>
              </Property>
              <Property>
                <Name>Length</Name>
                <Value>50</Value>
              </Property>
            </Properties>
          </Field>
          <Field name="NotificationUserCode" description="Notification User Code">
            <Properties>
              <Property>
                <Name>Type</Name>
                <Value>VarChar</Value>
              </Property>
              <Property>
                <Name>Length</Name>
                <Value>100</Value>
              </Property>
            </Properties>
          </Field>
          <Field name="NotificationText" description="Notification Text">
            <Properties>
              <Property>
                <Name>Type</Name>
                <Value>VarChar</Value>
              </Property>
              <Property>
                <Name>Length</Name>
                <Value>10000</Value>
              </Property>
              <Property>
                <Name>Decimals</Name>
                <Value>100</Value>
              </Property>
            </Properties>
          </Field>
          <Field name="EventCreationDateTime" description="Event Creation Date Time">
            <Properties>
              <Property>
                <Name>Type</Name>
                <Value>DateTime</Value>
              </Property>
              <Property>
                <Name>Length</Name>
                <Value>8</Value>
              </Property>
              <Property>
                <Name>Decimals</Name>
                <Value>12</Value>
              </Property>
            </Properties>
          </Field>
          <Field name="EventTargetUrl" description="Event Target Url">
            <Properties>
              <Property>
                <Name>Type</Name>
                <Value>VarChar</Value>
              </Property>
              <Property>
                <Name>Length</Name>
                <Value>1000</Value>
              </Property>
            </Properties>
          </Field>
          <Field name="NotificationIsRead" description="Notification Is Read">
            <Properties>
              <Property>
                <Name>Type</Name>
                <Value>Boolean</Value>
              </Property>
            </Properties>
          </Field>
        </Fields>
      </Field>
    </Parameter>
  </Signature>
</CallableObject>