{

"GxObject":{"ObjectType":"BusinessComponent","Name":"TrGestionTableros","idConnectivitySupport":"idInherit","Structure":{"Levels":[{"Name":"Trgestiontableros","ParentLevel":"","LevelName":"TrGestionTableros","Description":"Nombre de tablero","Attributes":[{"Name":"TrGestionTableros_ID","Caption":"ID gestión tablero","default":"","IsKey":"true","ReadOnly":"false","AttributeType":"guid","Description":"ID gestión tablero","Length":"4","Decimals":"0","Signed":"false","AllowDBNulls":"false","RegularExpression":"([0-9a-fA-F]{8}-[0-9a-fA-F]{4}-[0-9a-fA-F]{4}-[0-9a-fA-F]{4}-[0-9a-fA-F]{12}|^\\s*$)","InternalName":"TrGestionTableros_ID","InputPicture":"XXXXXXXX-XXXX-XXXX-XXXX-XXXXXXXXXXXX","Type":"xs:string"},{"Name":"TrGestionTableros_Nombre","Caption":"Nombre del tablero","default":"","IsKey":"false","ReadOnly":"false","AttributeType":"char","Description":"Nombre del tablero","Length":"100","Decimals":"0","Signed":"false","AllowDBNulls":"true","InternalName":"TrGestionTableros_Nombre","DescriptionAtt":"true","InputPicture":"","Type":"xs:string"},{"Name":"TrGestionTableros_Comentario","Caption":"Comentario","default":"","IsKey":"false","ReadOnly":"false","AttributeType":"vchar","Description":"Comentario","Length":"2097152","Decimals":"0","Signed":"false","AllowDBNulls":"true","InternalName":"TrGestionTableros_Comentario","InputPicture":"","Type":"xs:string"},{"Name":"TrGestionTableros_Descripcion","Caption":"Descripción","default":"","IsKey":"false","ReadOnly":"false","AttributeType":"vchar","Description":"Descripción","Length":"2097152","Decimals":"0","Signed":"false","AllowDBNulls":"true","InternalName":"TrGestionTableros_Descripcion","InputPicture":"","Type":"xs:string"},{"Name":"TrGestionTableros_TipoTablero","Caption":"Tipo de tablero","default":"0","IsKey":"false","ReadOnly":"false","AttributeType":"int","Description":"Tipo de tablero","Length":"4","Decimals":"0","Signed":"false","AllowDBNulls":"true","InternalName":"TrGestionTableros_TipoTablero","InputPicture":"ZZZ9","Type":"xs:int"},{"Name":"TrGestionTableros_FechaInicio","Caption":"Fecha Inicio","default":"","IsKey":"false","ReadOnly":"false","AttributeType":"date","Description":"Fecha Inicio","Length":"8","Decimals":"0","Signed":"false","AllowDBNulls":"true","Domain":"FechaCompleta","InternalName":"TrGestionTableros_FechaInicio","InputPicture":"99/99/9999","Type":"xs:string"},{"Name":"TrGestionTableros_FechaFin","Caption":"Fecha Fin","default":"","IsKey":"false","ReadOnly":"false","AttributeType":"date","Description":"Fecha Fin","Length":"8","Decimals":"0","Signed":"false","AllowDBNulls":"true","Domain":"FechaCompleta","InternalName":"TrGestionTableros_FechaFin","InputPicture":"99/99/9999","Type":"xs:string"},{"Name":"TrGestionTableros_FechaCreacion","Caption":"Fecha Creacion del tablero","default":"","IsKey":"false","ReadOnly":"false","AttributeType":"date","Description":"Fecha Creacion del tablero","Length":"8","Decimals":"0","Signed":"false","AllowDBNulls":"true","Domain":"FechaCompleta","InternalName":"TrGestionTableros_FechaCreacion","InputPicture":"99/99/9999","Type":"xs:string"},{"Name":"TrGestionTableros_FechaModificacion","Caption":"Fecha Modificacion del tablero","default":"","IsKey":"false","ReadOnly":"false","AttributeType":"date","Description":"Fecha Modificacion del tablero","Length":"8","Decimals":"0","Signed":"false","AllowDBNulls":"true","Domain":"FechaCompleta","InternalName":"TrGestionTableros_FechaModificacion","InputPicture":"99/99/9999","Type":"xs:string"},{"Name":"TrGestionTableros_Estado","Caption":"Estado del tablero","default":"0","IsKey":"false","ReadOnly":"false","AttributeType":"int","Description":"Estado del tablero","Length":"4","Decimals":"0","Signed":"false","AllowDBNulls":"true","Domain":"EstadosGenerales","InternalName":"TrGestionTableros_Estado","InputPicture":"ZZZ9","Type":"xs:int"}]}]},"Relations":{"ManyToOne":{"references":[]}}}
}
